Sample	Raw Reads #	Surviving Reads #	Surviving %	Mapped Reads	Mapped %	Not Duplicate Reads	Duplicate Reads	Duplicate %	Pair Orientation	Median Insert Size	Mean Insert Size	Average Deviation	Standard Deviation	Mean Coverage	%_bases_above_10	%_bases_above_25	%_bases_above_50	%_bases_above_75	%_bases_above_100	%_bases_above_500
NA12878	1586092978	1565500386	98.7017	392617624	25.0794	385269470	7348154	1.87158027322788	FR	319	318.360171	44	73.962815	50.37	97.68	97.68	96.55	52.98	0.93	0.28
NA12891	1571604064	1556600798	99.0454	388460938	24.9557	378798587	9662351	2.48734172597812	FR	299	301.018472	40	64.893521	49.64	98.07	98.07	94.33	52.29	0.94	0.27
NA12892	1702988434	1688646930	99.1579	419775730	24.8587	410375882	9399848	2.23925475634335	FR	302	305.142061	40	65.346582	53.92	97.68	97.68	96.66	66.68	2.30	0.30
